kepoi_name,status
K04238.01,FALSE_POSITIVE
K04239.01,FALSE_POSITIVE
K04307.01,CANDIDATE
K04308.01,FALSE_POSITIVE
K04309.01,FALSE_POSITIVE
K00612.03,CONFIRMED
K02563.02,CANDIDATE
K04374.01,CANDIDATE
K04375.01,FALSE_POSITIVE
K04376.01,FALSE_POSITIVE
K04377.01,CANDIDATE
K04378.01,FALSE_POSITIVE
K07658.01,FALSE_POSITIVE
K04444.01,CONFIRMED
K04445.01,FALSE_POSITIVE
K04446.01,CONFIRMED
K04447.01,CONFIRMED
K03043.02,CANDIDATE
K04240.01,FALSE_POSITIVE
K04241.01,CONFIRMED
K02458.02,CONFIRMED
K04242.01,CANDIDATE
K04243.01,FALSE_POSITIVE
K04310.01,CONFIRMED
K07668.01,CANDIDATE
K04311.01,FALSE_POSITIVE
K04312.01,CONFIRMED
K04313.01,FALSE_POSITIVE
K04314.01,FALSE_POSITIVE
K04379.01,FALSE_POSITIVE
K04380.01,FALSE_POSITIVE
K04381.01,FALSE_POSITIVE
K02732.04,CANDIDATE
K04382.01,CONFIRMED
K04173.01,FALSE_POSITIVE
K04174.01,FALSE_POSITIVE
K07659.01,FALSE_POSITIVE
K04175.01,FALSE_POSITIVE
K04176.01,FALSE_POSITIVE
K04177.01,FALSE_POSITIVE
K04244.01,FALSE_POSITIVE
K04245.01,CANDIDATE
K07663.01,FALSE_POSITIVE
K04246.01,CONFIRMED
K04247.01,CANDIDATE
K04248.01,FALSE_POSITIVE
K04315.01,FALSE_POSITIVE
K04316.01,FALSE_POSITIVE
K04317.01,FALSE_POSITIVE
K04318.01,CANDIDATE
K04319.01,FALSE_POSITIVE
K04382.02,CANDIDATE
K04383.01,CONFIRMED
K04384.01,CONFIRMED
K04385.01,CONFIRMED
K04386.01,CONFIRMED
K04178.01,CANDIDATE
K04179.01,FALSE_POSITIVE
K00566.03,CANDIDATE
K04180.01,FALSE_POSITIVE
K04181.01,FALSE_POSITIVE
K04182.01,FALSE_POSITIVE
K04249.01,FALSE_POSITIVE
K04250.01,FALSE_POSITIVE
K04251.01,CANDIDATE
K02485.02,CONFIRMED
K04252.01,CONFIRMED
K02579.02,CONFIRMED
K04320.01,CONFIRMED
K04321.01,FALSE_POSITIVE
K07669.01,FALSE_POSITIVE
K04322.01,FALSE_POSITIVE
K04322.02,FALSE_POSITIVE
K04387.01,FALSE_POSITIVE
K04388.01,FALSE_POSITIVE
K04389.01,CANDIDATE
K04390.01,CANDIDATE
K02744.02,CANDIDATE
K02365.02,CONFIRMED
K04183.01,FALSE_POSITIVE
K04184.01,CONFIRMED
K04185.01,CONFIRMED
K07660.01,FALSE_POSITIVE
K04186.01,FALSE_POSITIVE
K04253.01,CANDIDATE
K04254.01,FALSE_POSITIVE
K04255.01,CONFIRMED
K04256.01,FALSE_POSITIVE
K04257.01,CANDIDATE
K04323.01,CANDIDATE
K04324.01,FALSE_POSITIVE
K04325.01,CANDIDATE
K04326.01,FALSE_POSITIVE
K04327.01,CONFIRMED
K07670.01,CANDIDATE
K04391.01,CANDIDATE
K04392.01,FALSE_POSITIVE
K04393.01,CANDIDATE
K04394.01,FALSE_POSITIVE
K04395.01,CANDIDATE
K04396.01,FALSE_POSITIVE
K04187.01,FALSE_POSITIVE
K04188.01,CONFIRMED
K04189.01,CONFIRMED
K04190.01,CONFIRMED
K04191.01,FALSE_POSITIVE
K07695.01,FALSE_POSITIVE
K04258.01,FALSE_POSITIVE
K04259.01,CANDIDATE
K04260.01,FALSE_POSITIVE
K04261.01,CONFIRMED
K02485.03,CONFIRMED
K04328.01,FALSE_POSITIVE
K02579.03,CANDIDATE
K04329.01,CANDIDATE
K04330.01,FALSE_POSITIVE
K04331.01,CANDIDATE
K04396.02,FALSE_POSITIVE
K04396.03,FALSE_POSITIVE
K04397.01,FALSE_POSITIVE
K04398.01,CANDIDATE
K00647.02,CANDIDATE
K02842.03,CONFIRMED
K04192.01,CONFIRMED
K02420.02,CANDIDATE
K07689.01,FALSE_POSITIVE
K04193.01,FALSE_POSITIVE
K04194.01,CONFIRMED
K04195.01,FALSE_POSITIVE
K04262.01,FALSE_POSITIVE
K04263.01,FALSE_POSITIVE
K07696.01,FALSE_POSITIVE
K04264.01,CANDIDATE
K04265.01,FALSE_POSITIVE
K04266.01,FALSE_POSITIVE
K04332.01,FALSE_POSITIVE
K04333.01,CANDIDATE
K04334.01,CANDIDATE
K04335.01,CONFIRMED
K04336.01,FALSE_POSITIVE
K04399.01,CANDIDATE
K04400.01,CONFIRMED
K04401.01,FALSE_POSITIVE
K04402.01,FALSE_POSITIVE
K04403.01,CONFIRMED
K04196.01,FALSE_POSITIVE
K04197.01,FALSE_POSITIVE
K04198.01,CANDIDATE
K04199.01,CONFIRMED
K04200.01,FALSE_POSITIVE
K04267.01,CONFIRMED
K04268.01,CONFIRMED
K04269.01,CONFIRMED
K04269.02,CANDIDATE
K04270.01,FALSE_POSITIVE
K04337.01,CONFIRMED
K04338.01,FALSE_POSITIVE
K02585.02,CONFIRMED
K04339.01,FALSE_POSITIVE
K04340.01,FALSE_POSITIVE
K04404.01,FALSE_POSITIVE
K07679.01,CANDIDATE
K04405.01,CANDIDATE
K04406.01,FALSE_POSITIVE
K04407.01,CANDIDATE
K04408.01,FALSE_POSITIVE
K04201.01,FALSE_POSITIVE
K04202.01,CONFIRMED
K07684.01,FALSE_POSITIVE
K02433.03,CONFIRMED
K04203.01,FALSE_POSITIVE
K04204.01,CONFIRMED
K02498.02,CONFIRMED
K04271.01,FALSE_POSITIVE
K07690.01,FALSE_POSITIVE
K04272.01,FALSE_POSITIVE
K04273.01,CANDIDATE
K04274.01,CANDIDATE
K04617.01,CONFIRMED
K04618.01,FALSE_POSITIVE
K07697.01,FALSE_POSITIVE
K04619.01,FALSE_POSITIVE
K04620.01,FALSE_POSITIVE
K04621.01,FALSE_POSITIVE
K04690.01,FALSE_POSITIVE
K04691.01,CANDIDATE
K04692.01,FALSE_POSITIVE
K00806.04,FALSE_POSITIVE
K03194.01,FALSE_POSITIVE
K04479.01,FALSE_POSITIVE
K04480.01,CANDIDATE
K04481.01,FALSE_POSITIVE
K07685.01,CANDIDATE
K04482.01,CANDIDATE
K04483.01,FALSE_POSITIVE
K04549.01,CANDIDATE
K04550.01,CONFIRMED
K04551.01,CANDIDATE
K07691.01,FALSE_POSITIVE
K04552.01,FALSE_POSITIVE
K04553.01,FALSE_POSITIVE
K04622.01,CONFIRMED
K04623.01,FALSE_POSITIVE
K03179.01,CONFIRMED
K04624.01,FALSE_POSITIVE
K04625.01,CONFIRMED
K04693.01,CONFIRMED
K04694.01,CANDIDATE
K04695.01,FALSE_POSITIVE
K04696.01,FALSE_POSITIVE
K04697.01,FALSE_POSITIVE
K07680.01,CANDIDATE
K04484.01,CONFIRMED
K04485.01,FALSE_POSITIVE
K04486.01,FALSE_POSITIVE
K03158.02,CONFIRMED
K04487.01,CANDIDATE
K03164.01,FALSE_POSITIVE
K04554.01,CANDIDATE
K04555.01,CANDIDATE
K04556.01,FALSE_POSITIVE
K04557.01,CANDIDATE
K04626.01,CANDIDATE
K04627.01,CANDIDATE
K04628.01,FALSE_POSITIVE
K04629.01,FALSE_POSITIVE
K04630.01,CANDIDATE
K04698.01,CANDIDATE
K04699.01,CANDIDATE
K04700.01,CANDIDATE
K04701.01,FALSE_POSITIVE
K04702.01,FALSE_POSITIVE
K04488.01,FALSE_POSITIVE
K04489.01,FALSE_POSITIVE
K04490.01,FALSE_POSITIVE
K04491.01,CONFIRMED
K04492.01,FALSE_POSITIVE
K04558.01,CANDIDATE
K04559.01,FALSE_POSITIVE
K04560.01,FALSE_POSITIVE
K04561.01,CONFIRMED
K04562.01,FALSE_POSITIVE
K04631.01,FALSE_POSITIVE
K04632.01,CANDIDATE
K04633.01,CANDIDATE
K07692.01,FALSE_POSITIVE
K03182.01,FALSE_POSITIVE
K04634.01,CANDIDATE
K03196.01,CANDIDATE
K04703.01,FALSE_POSITIVE
K04704.01,FALSE_POSITIVE
K04705.01,CANDIDATE
K04706.01,CONFIRMED
K04493.01,FALSE_POSITIVE
K04494.01,FALSE_POSITIVE
K04495.01,CANDIDATE
K04496.01,CANDIDATE
K07681.01,CANDIDATE
K00701.05,CONFIRMED
K04563.01,CANDIDATE
K03165.01,CANDIDATE
K04564.01,FALSE_POSITIVE
K04565.01,FALSE_POSITIVE
K04566.01,CONFIRMED
K04635.01,FALSE_POSITIVE
K04636.01,CANDIDATE
K04637.01,CANDIDATE
K04638.01,FALSE_POSITIVE
K04639.01,FALSE_POSITIVE
K04707.01,FALSE_POSITIVE
K04708.01,FALSE_POSITIVE
K04709.01,CANDIDATE
K04710.01,CANDIDATE
K04711.01,CANDIDATE
K03158.03,CONFIRMED
K04497.01,CANDIDATE
K04498.01,CANDIDATE
K04499.01,CANDIDATE
K04500.01,CONFIRMED
K04567.01,CANDIDATE
K04568.01,FALSE_POSITIVE
K07682.01,FALSE_POSITIVE
K04569.01,FALSE_POSITIVE
K04570.01,CANDIDATE
K04571.01,CONFIRMED
K04639.02,FALSE_POSITIVE
K04640.01,CONFIRMED
K04641.01,FALSE_POSITIVE
K04642.01,FALSE_POSITIVE
K03184.01,CONFIRMED
K04722.01,FALSE_POSITIVE
K03197.01,CANDIDATE
K04723.01,FALSE_POSITIVE
K04724.01,FALSE_POSITIVE
K04725.01,CONFIRMED
K04726.01,FALSE_POSITIVE
K04500.02,CONFIRMED
K04501.01,FALSE_POSITIVE
K04502.01,FALSE_POSITIVE
K04503.01,CANDIDATE
K04504.01,CANDIDATE
K04572.01,FALSE_POSITIVE
K04573.01,FALSE_POSITIVE
K03167.01,FALSE_POSITIVE
K04574.01,FALSE_POSITIVE
K04575.01,CANDIDATE
K04643.01,CANDIDATE
K04644.01,CANDIDATE
K04645.01,FALSE_POSITIVE
K04646.01,FALSE_POSITIVE
K04647.01,CANDIDATE
K04712.01,FALSE_POSITIVE
K03196.02,CANDIDATE
K04713.01,CANDIDATE
K04714.01,CANDIDATE
K04715.01,CANDIDATE
K04716.01,CANDIDATE
K04504.02,CANDIDATE
K03158.04,CONFIRMED
K04505.01,CANDIDATE
K04506.01,CONFIRMED
K04507.01,FALSE_POSITIVE
K04508.01,CANDIDATE
K04576.01,FALSE_POSITIVE
K04577.01,CANDIDATE
K04578.01,FALSE_POSITIVE
K04579.01,FALSE_POSITIVE
K04580.01,CANDIDATE
K04648.01,FALSE_POSITIVE
K04649.01,CANDIDATE
K04650.01,FALSE_POSITIVE
K04651.01,CANDIDATE
K04652.01,FALSE_POSITIVE
K04717.01,CANDIDATE
K04718.01,FALSE_POSITIVE
K04719.01,FALSE_POSITIVE
K04720.01,FALSE_POSITIVE
K04721.01,FALSE_POSITIVE
K04509.01,CANDIDATE
K04510.01,CONFIRMED
K04511.01,FALSE_POSITIVE
K04512.01,FALSE_POSITIVE
K04513.01,CONFIRMED
K04581.01,CANDIDATE
K04582.01,CANDIDATE
K04583.01,CANDIDATE
K03168.01,CANDIDATE
K04584.01,FALSE_POSITIVE
K03185.01,FALSE_POSITIVE
K04653.01,CANDIDATE
K04654.01,FALSE_POSITIVE
K04655.01,CANDIDATE
K04656.01,CANDIDATE
K04727.01,FALSE_POSITIVE
K04728.01,FALSE_POSITIVE
K04729.01,FALSE_POSITIVE
K04730.01,CANDIDATE
K04731.01,FALSE_POSITIVE
K04514.01,FALSE_POSITIVE
K03158.05,CONFIRMED
K04515.01,FALSE_POSITIVE
K04516.01,FALSE_POSITIVE
K04517.01,FALSE_POSITIVE
K07693.01,CANDIDATE
K04585.01,CONFIRMED
K04586.01,CANDIDATE
K04587.01,CANDIDATE
K04588.01,CANDIDATE
K04589.01,FALSE_POSITIVE
K07675.01,FALSE_POSITIVE
K04657.01,CANDIDATE
K04658.01,FALSE_POSITIVE
K04659.01,CONFIRMED
K04660.01,FALSE_POSITIVE
K04661.01,CONFIRMED
K04448.01,FALSE_POSITIVE
K04449.01,FALSE_POSITIVE
K04450.01,CONFIRMED
K04451.01,CANDIDATE
K04452.01,CANDIDATE
K04518.01,FALSE_POSITIVE
K07685.02,CANDIDATE
K04519.01,CANDIDATE
K04520.01,CANDIDATE
K04521.01,FALSE_POSITIVE
K04522.01,FALSE_POSITIVE
K04590.01,CANDIDATE
K07694.01,FALSE_POSITIVE
K04591.01,CANDIDATE
K04592.01,FALSE_POSITIVE
K04593.01,FALSE_POSITIVE
K00750.02,CANDIDATE
K04662.01,FALSE_POSITIVE
K03188.01,FALSE_POSITIVE
K07676.01,CANDIDATE
K04663.01,CANDIDATE
K04664.01,FALSE_POSITIVE
K04665.01,FALSE_POSITIVE
K04453.01,FALSE_POSITIVE
K04454.01,FALSE_POSITIVE
K04455.01,FALSE_POSITIVE
K04456.01,CANDIDATE
K04457.01,CANDIDATE
K04523.01,CANDIDATE
K04524.01,CONFIRMED
K03159.01,FALSE_POSITIVE
K07686.01,FALSE_POSITIVE
K04524.02,CANDIDATE
K04525.01,FALSE_POSITIVE
K03172.02,FALSE_POSITIVE
K04594.01,FALSE_POSITIVE
K04595.01,CANDIDATE
K04596.01,FALSE_POSITIVE
K04597.01,CANDIDATE
K04666.01,CANDIDATE
K04667.01,CANDIDATE
K04668.01,FALSE_POSITIVE
K04669.01,FALSE_POSITIVE
K04670.01,CANDIDATE
K03061.02,CANDIDATE
K04458.01,FALSE_POSITIVE
K04459.01,FALSE_POSITIVE
K04460.01,CANDIDATE
K04461.01,FALSE_POSITIVE
K04526.01,CANDIDATE
K07683.01,FALSE_POSITIVE
K04527.01,FALSE_POSITIVE
K04528.01,CANDIDATE
K04529.01,FALSE_POSITIVE
K04530.01,CANDIDATE
K04598.01,FALSE_POSITIVE
K04599.01,FALSE_POSITIVE
K07687.01,CANDIDATE
K04600.01,FALSE_POSITIVE
K04601.01,CANDIDATE
K04602.01,CANDIDATE
K04671.01,FALSE_POSITIVE
K04672.01,FALSE_POSITIVE
K03190.01,CANDIDATE
K04673.01,FALSE_POSITIVE
K04674.01,CANDIDATE
K04462.01,CANDIDATE
K04463.01,CANDIDATE
K04464.01,CANDIDATE
K04465.01,FALSE_POSITIVE
K07677.01,FALSE_POSITIVE
K04466.01,CANDIDATE
K04531.01,FALSE_POSITIVE
K04532.01,FALSE_POSITIVE
K04533.01,FALSE_POSITIVE
K03161.01,FALSE_POSITIVE
K04534.01,FALSE_POSITIVE
K04603.01,CANDIDATE
K03174.01,FALSE_POSITIVE
K04604.01,FALSE_POSITIVE
K04605.01,CANDIDATE
K04606.01,FALSE_POSITIVE
K04675.01,FALSE_POSITIVE
K04676.01,CANDIDATE
K04677.01,FALSE_POSITIVE
K04678.01,FALSE_POSITIVE
K04679.01,FALSE_POSITIVE
K04467.01,CANDIDATE
K03157.01,FALSE_POSITIVE
K04468.01,FALSE_POSITIVE
K04469.01,FALSE_POSITIVE
K04470.01,FALSE_POSITIVE
K04535.01,FALSE_POSITIVE
K04536.01,FALSE_POSITIVE
K04537.01,FALSE_POSITIVE
K07678.01,CANDIDATE
K04538.01,FALSE_POSITIVE
K04539.01,FALSE_POSITIVE
K04607.01,FALSE_POSITIVE
K04608.01,FALSE_POSITIVE
K04609.01,FALSE_POSITIVE
K04610.01,FALSE_POSITIVE
K04611.01,FALSE_POSITIVE
K04680.01,CANDIDATE
K04681.01,FALSE_POSITIVE
K04682.01,FALSE_POSITIVE
K03193.01,FALSE_POSITIVE
K04683.01,FALSE_POSITIVE
K04684.01,FALSE_POSITIVE
K04471.01,FALSE_POSITIVE
K04472.01,FALSE_POSITIVE
K04473.01,CONFIRMED
K04474.01,CONFIRMED
K04475.01,FALSE_POSITIVE
K04540.01,FALSE_POSITIVE
K07724.01,FALSE_POSITIVE
K04541.01,CANDIDATE
K04542.01,FALSE_POSITIVE
K04543.01,FALSE_POSITIVE
K03162.01,FALSE_POSITIVE
K04612.01,FALSE_POSITIVE
K04613.01,CONFIRMED
K03178.01,FALSE_POSITIVE
K04614.01,CANDIDATE
K04615.01,FALSE_POSITIVE
K04616.01,FALSE_POSITIVE
K04685.01,CANDIDATE
K04686.01,CANDIDATE
K04687.01,FALSE_POSITIVE
K04688.01,FALSE_POSITIVE
K04689.01,FALSE_POSITIVE
K04476.01,FALSE_POSITIVE
K04477.01,CANDIDATE
K03158.01,CONFIRMED
K04477.02,CONFIRMED
K04478.01,CONFIRMED
K04544.01,FALSE_POSITIVE
K04545.01,CANDIDATE
K04546.01,CANDIDATE
K04547.01,FALSE_POSITIVE
K07725.01,FALSE_POSITIVE
K04548.01,CANDIDATE
K04904.01,CANDIDATE
K04905.01,FALSE_POSITIVE
K04906.01,CANDIDATE
K04907.01,CANDIDATE
K04908.01,FALSE_POSITIVE
K07702.01,FALSE_POSITIVE
K03296.01,CONFIRMED
K03297.01,FALSE_POSITIVE
K03298.01,CONFIRMED
K03299.01,FALSE_POSITIVE
K01196.02,CONFIRMED
K07712.01,CANDIDATE
K04763.01,CANDIDATE
K04764.01,CANDIDATE
K04765.01,CONFIRMED
K04766.01,CANDIDATE
K04767.01,FALSE_POSITIVE
K07718.01,FALSE_POSITIVE
K04835.01,FALSE_POSITIVE
K04836.01,FALSE_POSITIVE
K04837.01,CANDIDATE
K04838.01,CANDIDATE
K04839.01,CANDIDATE
K04909.01,FALSE_POSITIVE
K04910.01,FALSE_POSITIVE
K03223.01,FALSE_POSITIVE
K04911.01,FALSE_POSITIVE
K04912.01,CANDIDATE
K03300.01,FALSE_POSITIVE
K03300.02,FALSE_POSITIVE
K07703.01,CANDIDATE
K03301.01,CANDIDATE
K03302.01,FALSE_POSITIVE
K03303.01,CONFIRMED
K04768.01,CANDIDATE
K04769.01,FALSE_POSITIVE
K04770.01,FALSE_POSITIVE
K04771.01,CANDIDATE
K04772.01,CANDIDATE
K04840.01,CANDIDATE
K03214.01,CONFIRMED
K04841.01,FALSE_POSITIVE
K04842.01,FALSE_POSITIVE
K04843.01,FALSE_POSITIVE
K04913.01,CANDIDATE
K04914.01,CANDIDATE
K03224.01,CANDIDATE
K03225.01,CANDIDATE
K03226.01,FALSE_POSITIVE
K03304.01,FALSE_POSITIVE
K03305.01,CONFIRMED
K03306.01,CONFIRMED
K03307.01,CANDIDATE
K03308.01,CONFIRMED
K07704.01,CANDIDATE
K03205.01,FALSE_POSITIVE
K04772.02,CONFIRMED
K04773.01,CANDIDATE
K04774.01,CANDIDATE
K04775.01,CANDIDATE
K04844.01,CANDIDATE
K04845.01,FALSE_POSITIVE
K04846.01,CANDIDATE
K04847.01,FALSE_POSITIVE
K04848.01,CANDIDATE
K03227.01,FALSE_POSITIVE
K03230.01,FALSE_POSITIVE
K07719.01,FALSE_POSITIVE
K03231.01,FALSE_POSITIVE
K03232.01,CONFIRMED
K00279.03,CONFIRMED
K01196.03,CONFIRMED
K03308.02,CONFIRMED
K03309.01,CANDIDATE
K03310.01,CANDIDATE
K03311.01,CONFIRMED
K04776.01,CANDIDATE
K04777.01,CONFIRMED
K04778.01,FALSE_POSITIVE
K07706.01,CANDIDATE
K04779.01,FALSE_POSITIVE
K04780.01,CANDIDATE
K04849.01,CANDIDATE
K04850.01,CANDIDATE
K03216.01,FALSE_POSITIVE
K04851.01,FALSE_POSITIVE
K07713.01,FALSE_POSITIVE
K04852.01,CANDIDATE
K01101.02,CANDIDATE
K03234.01,CONFIRMED
K03236.01,CANDIDATE
K03237.01,CONFIRMED
K03238.01,FALSE_POSITIVE
K03239.01,FALSE_POSITIVE
K03312.01,CANDIDATE
K03313.01,CANDIDATE
K03314.01,FALSE_POSITIVE
K03315.01,CONFIRMED
K07726.01,FALSE_POSITIVE
K03316.01,CONFIRMED
K04781.01,FALSE_POSITIVE
K03206.01,CANDIDATE
K04782.01,CANDIDATE
K04783.01,FALSE_POSITIVE
K04784.01,FALSE_POSITIVE
K04853.01,CANDIDATE
K04854.01,CANDIDATE
K04855.01,FALSE_POSITIVE
K04856.01,CANDIDATE
K04857.01,CANDIDATE
K03240.01,FALSE_POSITIVE
K07714.01,FALSE_POSITIVE
K03241.01,FALSE_POSITIVE
K03242.01,FALSE_POSITIVE
K03243.01,FALSE_POSITIVE
K03245.01,CONFIRMED
K01132.02,FALSE_POSITIVE
K03324.01,CONFIRMED
K03325.01,FALSE_POSITIVE
K01422.04,CONFIRMED
K03326.01,FALSE_POSITIVE
K03327.01,FALSE_POSITIVE
K04785.01,FALSE_POSITIVE
K04786.01,FALSE_POSITIVE
K04787.01,FALSE_POSITIVE
K04788.01,FALSE_POSITIVE
K04789.01,FALSE_POSITIVE
K04858.01,FALSE_POSITIVE
K04859.01,CANDIDATE
K04860.01,FALSE_POSITIVE
K03217.01,FALSE_POSITIVE
K04861.01,CANDIDATE
K03246.01,CONFIRMED
K03247.01,FALSE_POSITIVE
K03248.01,CANDIDATE
K07715.01,CANDIDATE
K03249.01,FALSE_POSITIVE
K03250.01,FALSE_POSITIVE
K03318.01,CONFIRMED
K01404.02,CANDIDATE
K03318.02,CANDIDATE
K07720.01,FALSE_POSITIVE
K03319.01,CONFIRMED
K03319.02,CONFIRMED
K04790.01,CANDIDATE
K04791.01,FALSE_POSITIVE
K00806.05,FALSE_POSITIVE
K03208.01,CANDIDATE
K04792.01,CANDIDATE
K04862.01,CANDIDATE
K04863.01,FALSE_POSITIVE
K04864.01,CANDIDATE
K04865.01,FALSE_POSITIVE
K04866.01,FALSE_POSITIVE
K03252.01,FALSE_POSITIVE
K03253.01,FALSE_POSITIVE
K03254.01,FALSE_POSITIVE
K03255.01,CONFIRMED
K03256.01,FALSE_POSITIVE
K03319.03,CONFIRMED
K03320.01,CANDIDATE
K03321.01,FALSE_POSITIVE
K03322.01,FALSE_POSITIVE
K03323.01,CANDIDATE
K07721.01,FALSE_POSITIVE
K04793.01,CANDIDATE
K04794.01,CANDIDATE
K04795.01,FALSE_POSITIVE
K04796.01,FALSE_POSITIVE
K04797.01,CANDIDATE
K04867.01,FALSE_POSITIVE
K04868.01,FALSE_POSITIVE
K04869.01,FALSE_POSITIVE
K04870.01,FALSE_POSITIVE
K03218.01,FALSE_POSITIVE
K01151.03,CONFIRMED
K03257.01,FALSE_POSITIVE
K03258.01,CANDIDATE
K03259.01,CANDIDATE
K03260.01,CONFIRMED
K03328.01,FALSE_POSITIVE
K03329.01,CANDIDATE
K07716.01,CANDIDATE
K03330.01,CONFIRMED
K03331.01,FALSE_POSITIVE
K03332.01,FALSE_POSITIVE
K04798.01,FALSE_POSITIVE
K04799.01,CANDIDATE
K07722.01,FALSE_POSITIVE
K04800.01,FALSE_POSITIVE
K04801.01,CANDIDATE
K03209.01,CANDIDATE
K04871.01,CANDIDATE
K04872.01,FALSE_POSITIVE
K04873.01,FALSE_POSITIVE
K04874.01,FALSE_POSITIVE
K04875.01,CANDIDATE
K03261.01,CONFIRMED
K03262.01,CONFIRMED
K03263.01,CANDIDATE
K07707.01,FALSE_POSITIVE
K03264.01,CANDIDATE
K03265.01,FALSE_POSITIVE
K04732.01,FALSE_POSITIVE
K03200.01,FALSE_POSITIVE
K04733.01,CONFIRMED
K04734.01,FALSE_POSITIVE
K04735.01,CANDIDATE
K04802.01,FALSE_POSITIVE
K04803.01,CONFIRMED
K04804.01,CANDIDATE
K04805.01,FALSE_POSITIVE
K04806.01,FALSE_POSITIVE
K04807.01,FALSE_POSITIVE
K04876.01,FALSE_POSITIVE
K04877.01,CANDIDATE
K04878.01,CANDIDATE
K04879.01,FALSE_POSITIVE
K04880.01,FALSE_POSITIVE
K03266.01,CONFIRMED
K01151.04,CANDIDATE
K03267.01,CONFIRMED
K03268.01,FALSE_POSITIVE
K03269.01,FALSE_POSITIVE
K07708.01,CANDIDATE
K04736.01,FALSE_POSITIVE
K04737.01,CANDIDATE
K04738.01,FALSE_POSITIVE
K04739.01,FALSE_POSITIVE
K04740.01,FALSE_POSITIVE
K04808.01,CANDIDATE
K04809.01,FALSE_POSITIVE
K04810.01,CANDIDATE
K04811.01,CANDIDATE
K03211.01,FALSE_POSITIVE
K04812.01,FALSE_POSITIVE
K03219.01,FALSE_POSITIVE
K04881.01,CANDIDATE
K04882.01,FALSE_POSITIVE
K04883.01,FALSE_POSITIVE
K04884.01,FALSE_POSITIVE
K04885.01,CANDIDATE
K03270.01,FALSE_POSITIVE
K03271.01,CONFIRMED
K03271.02,CANDIDATE
K03273.01,FALSE_POSITIVE
K03274.01,CONFIRMED
K04741.01,FALSE_POSITIVE
K07709.01,FALSE_POSITIVE
K04742.01,CONFIRMED
K03202.01,CANDIDATE
K04743.01,FALSE_POSITIVE
K04744.01,FALSE_POSITIVE
K04813.01,CANDIDATE
K04814.01,FALSE_POSITIVE
K04815.01,CANDIDATE
K04816.01,FALSE_POSITIVE
K04817.01,FALSE_POSITIVE
K04886.01,CANDIDATE
K04887.01,FALSE_POSITIVE
K04888.01,FALSE_POSITIVE
K04889.01,FALSE_POSITIVE
K04890.01,CANDIDATE
K01042.02,FALSE_POSITIVE
K03275.01,FALSE_POSITIVE
K03276.01,FALSE_POSITIVE
K01151.05,CANDIDATE
K03277.01,CONFIRMED
K03278.01,FALSE_POSITIVE
K04745.01,CONFIRMED
K04746.01,FALSE_POSITIVE
K04747.01,CONFIRMED
K04748.01,CONFIRMED
K07710.01,FALSE_POSITIVE
K04749.01,CANDIDATE
K04818.01,CANDIDATE
K04819.01,FALSE_POSITIVE
K04820.01,CANDIDATE
K04821.01,FALSE_POSITIVE
K03212.01,FALSE_POSITIVE
K03220.01,CONFIRMED
K04891.01,CANDIDATE
K04892.01,CANDIDATE
K04893.01,CANDIDATE
K04894.01,FALSE_POSITIVE
K07723.01,FALSE_POSITIVE
K03279.01,CONFIRMED
K03280.01,CONFIRMED
K03282.01,CONFIRMED
K03284.01,CONFIRMED
K03285.01,FALSE_POSITIVE
K07698.01,FALSE_POSITIVE
K04750.01,CANDIDATE
K04751.01,FALSE_POSITIVE
K04752.01,FALSE_POSITIVE
K03203.01,CANDIDATE
K04753.01,FALSE_POSITIVE
K04822.01,CANDIDATE
K04823.01,CANDIDATE
K04824.01,FALSE_POSITIVE
K04825.01,FALSE_POSITIVE
K04826.01,CANDIDATE
K04895.01,CANDIDATE
K04896.01,CANDIDATE
K04897.01,FALSE_POSITIVE
K04898.01,CANDIDATE
K04899.01,FALSE_POSITIVE
K03286.01,CONFIRMED
K03287.01,CONFIRMED
K03288.01,CONFIRMED
K01192.02,FALSE_POSITIVE
K03289.01,FALSE_POSITIVE
K04754.01,CANDIDATE
K04755.01,CANDIDATE
K04756.01,CANDIDATE
K07699.01,FALSE_POSITIVE
K04757.01,FALSE_POSITIVE
K04758.01,FALSE_POSITIVE
K04827.01,CANDIDATE
K04828.01,FALSE_POSITIVE
K04829.01,CANDIDATE
K04829.02,FALSE_POSITIVE
K04830.01,FALSE_POSITIVE
K04900.01,CANDIDATE
K03221.01,FALSE_POSITIVE
K04901.01,FALSE_POSITIVE
K04902.01,CANDIDATE
K04903.01,FALSE_POSITIVE
K03291.01,FALSE_POSITIVE
K03292.01,FALSE_POSITIVE
K03293.01,FALSE_POSITIVE
K03294.01,FALSE_POSITIVE
K03295.01,FALSE_POSITIVE
K04759.01,CANDIDATE
K04760.01,FALSE_POSITIVE
K04761.01,FALSE_POSITIVE
K04762.01,CANDIDATE
K03204.01,FALSE_POSITIVE
K07700.01,CANDIDATE
K03213.01,FALSE_POSITIVE
K04831.01,FALSE_POSITIVE
K04832.01,FALSE_POSITIVE
K04833.01,CANDIDATE
K04834.01,CANDIDATE
K07711.01,CANDIDATE
K03501.01,FALSE_POSITIVE
K03502.01,FALSE_POSITIVE
K03503.01,CONFIRMED
K03504.01,FALSE_POSITIVE
K03505.01,FALSE_POSITIVE
K07717.01,FALSE_POSITIVE
K03588.01,FALSE_POSITIVE
K03589.01,FALSE_POSITIVE
K03590.01,FALSE_POSITIVE
K03591.01,FALSE_POSITIVE
K01873.02,CONFIRMED
K07778.01,FALSE_POSITIVE
K03592.01,FALSE_POSITIVE
K01613.02,CANDIDATE
K03365.01,CONFIRMED
K03366.01,FALSE_POSITIVE
K03367.01,CANDIDATE
K03368.01,CANDIDATE
K03369.01,FALSE_POSITIVE
K03434.01,CANDIDATE
K03435.01,FALSE_POSITIVE
K03436.01,CONFIRMED
K07746.01,CANDIDATE
K03437.01,CONFIRMED
K03437.02,CANDIDATE
K03506.01,FALSE_POSITIVE
K03510.01,FALSE_POSITIVE
K01803.02,FALSE_POSITIVE
K07764.01,CANDIDATE
K03511.01,FALSE_POSITIVE
K03512.01,FALSE_POSITIVE
K03513.01,FALSE_POSITIVE
K03593.01,FALSE_POSITIVE
K03594.01,FALSE_POSITIVE
K07779.01,FALSE_POSITIVE
K03595.01,FALSE_POSITIVE
K03596.01,FALSE_POSITIVE
K03597.01,FALSE_POSITIVE
K03370.01,CANDIDATE
K03370.02,CONFIRMED
K07735.01,CANDIDATE
K03371.01,CANDIDATE
K03372.01,CONFIRMED
K03373.01,FALSE_POSITIVE
K03438.01,CONFIRMED
K01731.02,FALSE_POSITIVE
K07747.01,FALSE_POSITIVE
K03439.01,CONFIRMED
K03440.01,CONFIRMED
K03441.01,FALSE_POSITIVE
K03514.01,FALSE_POSITIVE
K03515.01,FALSE_POSITIVE
K07766.01,FALSE_POSITIVE
K03516.01,FALSE_POSITIVE
K03517.01,FALSE_POSITIVE
K03518.01,FALSE_POSITIVE
K03520.01,FALSE_POSITIVE
K03598.01,FALSE_POSITIVE
K03599.01,FALSE_POSITIVE
K03600.01,FALSE_POSITIVE
K03601.01,FALSE_POSITIVE
K01875.02,CONFIRMED
K03602.01,FALSE_POSITIVE
K01627.03,CANDIDATE
K07736.01,FALSE_POSITIVE
K03374.01,CONFIRMED
K03374.02,CANDIDATE
K03375.01,CONFIRMED
K03376.02,FALSE_POSITIVE
K03377.01,CANDIDATE
K03443.01,CONFIRMED
K07748.01,FALSE_POSITIVE
K03444.01,CANDIDATE
K03444.02,CANDIDATE
K03444.03,CANDIDATE
K03445.01,CONFIRMED
K03521.01,FALSE_POSITIVE
K07768.01,FALSE_POSITIVE
K01806.02,CONFIRMED
K03522.01,FALSE_POSITIVE
K03523.01,FALSE_POSITIVE
K03524.01,FALSE_POSITIVE
K03525.01,FALSE_POSITIVE
K03603.01,FALSE_POSITIVE
K07780.01,CANDIDATE
K03604.01,FALSE_POSITIVE
K03605.01,FALSE_POSITIVE
K03606.01,FALSE_POSITIVE
K03607.01,FALSE_POSITIVE
K03608.01,FALSE_POSITIVE
K03379.01,CONFIRMED
K03380.01,FALSE_POSITIVE
K03382.01,FALSE_POSITIVE
K03383.01,CONFIRMED
K03384.01,CANDIDATE
K07749.01,CANDIDATE
K03446.01,FALSE_POSITIVE
K03448.01,CANDIDATE
K01747.02,FALSE_POSITIVE
K03449.01,FALSE_POSITIVE
K03450.01,FALSE_POSITIVE
K03451.01,CANDIDATE
K03526.01,FALSE_POSITIVE
K03527.01,FALSE_POSITIVE
K03528.01,FALSE_POSITIVE
K03529.01,FALSE_POSITIVE
K03530.01,FALSE_POSITIVE
K07781.01,FALSE_POSITIVE
K03531.01,FALSE_POSITIVE
K03609.01,FALSE_POSITIVE
K03610.01,FALSE_POSITIVE
K03610.02,FALSE_POSITIVE
K01899.02,CANDIDATE
K03611.01,FALSE_POSITIVE
K07737.01,FALSE_POSITIVE
K03612.01,FALSE_POSITIVE
K01628.02,CONFIRMED
K03384.02,CONFIRMED
K03385.01,FALSE_POSITIVE
K03386.01,FALSE_POSITIVE
K07750.01,CANDIDATE
K03387.01,FALSE_POSITIVE
K03452.01,FALSE_POSITIVE
K03454.01,FALSE_POSITIVE
K03455.01,CANDIDATE
K03456.01,CONFIRMED
K07769.01,FALSE_POSITIVE
K03457.01,FALSE_POSITIVE
K00332.02,CANDIDATE
K01806.03,CONFIRMED
K03532.01,FALSE_POSITIVE
K03533.01,FALSE_POSITIVE
K07783.01,FALSE_POSITIVE
K03534.01,FALSE_POSITIVE
K03535.01,FALSE_POSITIVE
K03618.01,FALSE_POSITIVE
K03619.01,FALSE_POSITIVE
K03620.01,FALSE_POSITIVE
K01905.02,CONFIRMED
K03621.01,FALSE_POSITIVE
K03388.01,FALSE_POSITIVE
K03389.01,CANDIDATE
K03390.01,FALSE_POSITIVE
K07751.01,FALSE_POSITIVE
K03391.01,CANDIDATE
K03392.01,FALSE_POSITIVE
K03458.01,CONFIRMED
K03459.01,CONFIRMED
K01750.02,CANDIDATE
K07770.01,FALSE_POSITIVE
K03460.01,CANDIDATE
K03461.01,FALSE_POSITIVE
K03536.01,FALSE_POSITIVE
K03537.01,FALSE_POSITIVE
K03538.01,FALSE_POSITIVE
K07782.01,FALSE_POSITIVE
K03539.01,FALSE_POSITIVE
K03540.01,FALSE_POSITIVE
K03627.01,FALSE_POSITIVE
K03627.02,FALSE_POSITIVE
K03628.01,FALSE_POSITIVE
K03629.01,FALSE_POSITIVE
K00352.02,CONFIRMED
K03393.01,CONFIRMED
K01650.02,CONFIRMED
K03394.01,CANDIDATE
K03395.01,CANDIDATE
K07753.01,FALSE_POSITIVE
K03396.01,CANDIDATE
K03462.01,CANDIDATE
K03462.02,CANDIDATE
K03464.01,FALSE_POSITIVE
K03465.01,CONFIRMED
K07771.01,FALSE_POSITIVE
K03466.01,FALSE_POSITIVE
K03541.01,FALSE_POSITIVE
K01823.02,FALSE_POSITIVE
K03542.01,FALSE_POSITIVE
K03543.01,FALSE_POSITIVE
K07727.01,FALSE_POSITIVE
K03544.01,FALSE_POSITIVE
K03545.01,FALSE_POSITIVE
K03613.01,FALSE_POSITIVE
K03614.01,FALSE_POSITIVE
K03615.01,FALSE_POSITIVE
K07738.01,FALSE_POSITIVE
K03616.01,FALSE_POSITIVE
K03617.01,FALSE_POSITIVE
K03397.01,CANDIDATE
K03398.01,CONFIRMED
K03398.02,CONFIRMED
K07754.01,FALSE_POSITIVE
K03398.03,CANDIDATE
K03399.01,FALSE_POSITIVE
K03467.01,FALSE_POSITIVE
K03468.01,CONFIRMED
K03469.01,CANDIDATE
K07772.01,FALSE_POSITIVE
K01781.03,CONFIRMED
K03470.01,CANDIDATE
K03546.01,FALSE_POSITIVE
K03547.01,FALSE_POSITIVE
K03548.01,FALSE_POSITIVE
K07728.01,FALSE_POSITIVE
K03549.01,FALSE_POSITIVE
K03550.01,FALSE_POSITIVE
K03551.01,FALSE_POSITIVE
K03622.01,FALSE_POSITIVE
K03623.01,FALSE_POSITIVE
K07739.01,FALSE_POSITIVE
K03624.01,FALSE_POSITIVE
K03625.01,FALSE_POSITIVE
K03626.01,FALSE_POSITIVE
K03400.01,FALSE_POSITIVE
K03401.01,CANDIDATE
K07756.01,FALSE_POSITIVE
K01681.02,CONFIRMED
K03402.01,FALSE_POSITIVE
K03403.01,CONFIRMED
K03470.02,CONFIRMED
K03471.01,FALSE_POSITIVE
K07773.01,CANDIDATE
K03472.01,CANDIDATE
K03473.01,CANDIDATE
K03474.01,CONFIRMED
K01830.02,CONFIRMED
K03552.01,FALSE_POSITIVE
K07729.01,CANDIDATE
K03553.01,FALSE_POSITIVE
K03554.01,FALSE_POSITIVE
K03555.01,FALSE_POSITIVE
K03556.01,FALSE_POSITIVE
K03334.01,FALSE_POSITIVE
K03335.01,CONFIRMED
K03336.01,FALSE_POSITIVE
K00284.04,CONFIRMED
K01525.02,CONFIRMED
K03403.02,CONFIRMED
K07757.01,FALSE_POSITIVE
K03404.01,CONFIRMED
K03407.01,CONFIRMED
K03408.01,CANDIDATE
K03409.01,FALSE_POSITIVE
K03475.01,FALSE_POSITIVE
K03476.01,FALSE_POSITIVE
K03477.01,FALSE_POSITIVE
K03479.01,FALSE_POSITIVE
K01788.02,CANDIDATE
K03557.01,FALSE_POSITIVE
K07730.01,FALSE_POSITIVE
K03558.01,FALSE_POSITIVE
K03559.01,FALSE_POSITIVE
K03560.01,FALSE_POSITIVE
K03561.01,FALSE_POSITIVE
K01833.02,CONFIRMED
K07740.01,FALSE_POSITIVE
K03337.01,CANDIDATE
K03338.01,FALSE_POSITIVE
K03338.02,FALSE_POSITIVE
K03339.01,CANDIDATE
K03340.01,CANDIDATE
K03340.02,CANDIDATE
K03410.01,CONFIRMED
K03411.01,CANDIDATE
K03412.01,CONFIRMED
K01681.03,CANDIDATE
K03413.01,FALSE_POSITIVE
K07774.01,CANDIDATE
K03480.01,CANDIDATE
K03481.01,CANDIDATE
K03482.01,CONFIRMED
K03483.01,CANDIDATE
K03484.01,CONFIRMED
K07731.01,FALSE_POSITIVE
K03562.01,FALSE_POSITIVE
K03563.01,FALSE_POSITIVE
K03564.01,FALSE_POSITIVE
K03565.01,FALSE_POSITIVE
K03566.01,FALSE_POSITIVE
K07741.01,FALSE_POSITIVE
K03567.01,FALSE_POSITIVE
K03341.01,CANDIDATE
K03341.02,CANDIDATE
K03342.01,FALSE_POSITIVE
K03343.01,CANDIDATE
K01545.02,FALSE_POSITIVE
K03344.01,CONFIRMED
K03414.01,FALSE_POSITIVE
K03415.01,CONFIRMED
K03416.01,CANDIDATE
K03417.01,CONFIRMED
K03418.01,CONFIRMED
K03485.01,FALSE_POSITIVE
K03486.01,CANDIDATE
K03487.01,FALSE_POSITIVE
K03489.01,FALSE_POSITIVE
K07732.01,FALSE_POSITIVE
K03490.01,FALSE_POSITIVE
K03568.01,FALSE_POSITIVE
K03569.01,FALSE_POSITIVE
K03570.01,FALSE_POSITIVE
K03571.01,FALSE_POSITIVE
K07742.01,FALSE_POSITIVE
K01833.03,CONFIRMED
K03572.01,FALSE_POSITIVE
K03344.02,CONFIRMED
K03345.01,CONFIRMED
K03346.01,CONFIRMED
K07759.01,CANDIDATE
K03347.01,CONFIRMED
K03348.01,CONFIRMED
K03419.01,FALSE_POSITIVE
K03420.02,CANDIDATE
K03421.01,CANDIDATE
K07775.01,CANDIDATE
K03422.01,CANDIDATE
K01707.02,CONFIRMED
K01792.02,FALSE_POSITIVE
K03491.01,FALSE_POSITIVE
K03492.01,FALSE_POSITIVE
K07733.01,CANDIDATE
K03493.01,CONFIRMED
K03495.01,CANDIDATE
K03573.01,FALSE_POSITIVE
K03574.01,FALSE_POSITIVE
K03575.01,FALSE_POSITIVE
K07743.01,FALSE_POSITIVE
K03576.01,FALSE_POSITIVE
K03577.01,FALSE_POSITIVE
K03349.01,CONFIRMED
K03350.01,FALSE_POSITIVE
K03351.01,FALSE_POSITIVE
K07761.01,FALSE_POSITIVE
K03352.01,CONFIRMED
K01562.02,CANDIDATE
K03423.01,CONFIRMED
K03424.01,FALSE_POSITIVE
K03425.01,CONFIRMED
K07776.01,CANDIDATE
K03425.02,CONFIRMED
K03426.01,CANDIDATE
K03495.02,CANDIDATE
K03496.01,CONFIRMED
K03496.02,CANDIDATE
K07734.01,FALSE_POSITIVE
K03497.01,CONFIRMED
K03498.01,FALSE_POSITIVE
K03578.01,FALSE_POSITIVE
K03579.01,FALSE_POSITIVE
K03580.01,FALSE_POSITIVE
K03581.01,FALSE_POSITIVE
K07744.01,CANDIDATE
K01837.02,CONFIRMED
K03582.01,FALSE_POSITIVE
K03353.01,CONFIRMED
K03354.01,CANDIDATE
K03355.01,CANDIDATE
K07762.01,CANDIDATE
K03356.01,CONFIRMED
K03357.01,FALSE_POSITIVE
K03427.01,FALSE_POSITIVE
K03428.01,CONFIRMED
K03429.01,CANDIDATE
K07777.01,FALSE_POSITIVE
K03429.02,CONFIRMED
K03429.03,FALSE_POSITIVE
K00302.02,FALSE_POSITIVE
K03499.01,FALSE_POSITIVE
K01792.03,CONFIRMED
K03499.02,FALSE_POSITIVE
K03500.01,CONFIRMED
K03500.02,CANDIDATE
K03583.01,FALSE_POSITIVE
K03584.01,FALSE_POSITIVE
K03585.01,FALSE_POSITIVE
K07745.01,FALSE_POSITIVE
K03586.01,FALSE_POSITIVE
K03587.01,FALSE_POSITIVE
K03358.01,CANDIDATE
K03360.01,FALSE_POSITIVE
K03361.01,CONFIRMED
K07763.01,FALSE_POSITIVE
K03362.01,FALSE_POSITIVE
K03363.01,CONFIRMED
K01718.02,CONFIRMED
K03430.01,CANDIDATE
K03431.01,CANDIDATE
K07808.01,FALSE_POSITIVE
K03432.01,CONFIRMED
K03433.01,CANDIDATE
K03816.01,FALSE_POSITIVE
K03817.01,FALSE_POSITIVE
K03818.01,FALSE_POSITIVE
K07788.01,FALSE_POSITIVE
K03819.01,FALSE_POSITIVE
K03820.01,FALSE_POSITIVE
K03893.01,CONFIRMED
K02092.03,CONFIRMED
K03894.01,FALSE_POSITIVE
K03895.01,FALSE_POSITIVE
K03896.01,FALSE_POSITIVE
K03897.01,FALSE_POSITIVE
K03667.01,FALSE_POSITIVE
K01955.03,CONFIRMED
K03668.01,FALSE_POSITIVE
K03669.01,FALSE_POSITIVE
K03670.01,FALSE_POSITIVE
K02011.02,CONFIRMED
K03743.01,FALSE_POSITIVE
K03744.01,FALSE_POSITIVE
K03745.01,FALSE_POSITIVE
K03746.01,FALSE_POSITIVE
K03747.01,FALSE_POSITIVE
K03821.01,FALSE_POSITIVE
K03822.01,FALSE_POSITIVE
K03823.01,CANDIDATE
K03824.01,FALSE_POSITIVE
K00435.03,CONFIRMED
K03898.01,FALSE_POSITIVE
K03899.01,FALSE_POSITIVE
K03900.01,FALSE_POSITIVE
K03901.01,CONFIRMED
K03902.01,FALSE_POSITIVE
K03903.01,FALSE_POSITIVE
K03671.01,FALSE_POSITIVE
K03672.01,FALSE_POSITIVE
K03673.01,FALSE_POSITIVE
K03674.01,FALSE_POSITIVE
K03675.01,FALSE_POSITIVE
K03676.01,FALSE_POSITIVE
K03747.02,FALSE_POSITIVE
K03748.01,FALSE_POSITIVE
K03749.01,CANDIDATE
K03750.01,FALSE_POSITIVE
K03751.01,FALSE_POSITIVE
K02055.02,CONFIRMED
K03825.01,FALSE_POSITIVE
K03826.01,FALSE_POSITIVE
K03827.01,FALSE_POSITIVE
K03827.02,FALSE_POSITIVE
K03828.01,FALSE_POSITIVE
K02093.02,CANDIDATE
K03904.01,FALSE_POSITIVE
K03905.01,FALSE_POSITIVE
K03906.01,FALSE_POSITIVE
K03907.01,FALSE_POSITIVE
K07792.01,FALSE_POSITIVE
K03677.01,FALSE_POSITIVE
K01955.04,CONFIRMED
K03678.01,CONFIRMED
K03679.01,FALSE_POSITIVE
K03680.01,CONFIRMED
K03681.01,CONFIRMED
K02018.02,CANDIDATE
K03752.01,FALSE_POSITIVE
K03753.01,FALSE_POSITIVE
K03754.01,FALSE_POSITIVE
K03755.01,FALSE_POSITIVE
K03756.01,FALSE_POSITIVE
K03830.01,FALSE_POSITIVE
K03831.01,FALSE_POSITIVE
K03832.01,FALSE_POSITIVE
K03834.01,FALSE_POSITIVE
K03835.01,CONFIRMED
K02055.03,CONFIRMED
K03908.01,CONFIRMED
K03909.01,CANDIDATE
K03910.01,FALSE_POSITIVE
K03911.01,CONFIRMED
K03912.01,FALSE_POSITIVE
K07793.01,CANDIDATE
K03681.02,CONFIRMED
K03682.01,FALSE_POSITIVE
K03683.01,CONFIRMED
K03684.01,FALSE_POSITIVE
K03685.01,FALSE_POSITIVE
K03685.02,CONFIRMED
K03757.01,FALSE_POSITIVE
K03758.01,FALSE_POSITIVE
K03759.01,FALSE_POSITIVE
K03760.01,FALSE_POSITIVE
K03761.01,CANDIDATE
K07810.01,FALSE_POSITIVE
K03836.01,FALSE_POSITIVE
K03837.01,FALSE_POSITIVE
K03838.01,FALSE_POSITIVE
K03839.01,FALSE_POSITIVE
K03840.01,FALSE_POSITIVE
K07789.01,FALSE_POSITIVE
K03913.01,CANDIDATE
K02093.03,CANDIDATE
K03914.01,FALSE_POSITIVE
K03915.01,FALSE_POSITIVE
K03916.01,CONFIRMED
K07794.01,FALSE_POSITIVE
K01960.02,CONFIRMED
K03686.01,FALSE_POSITIVE
K03687.01,FALSE_POSITIVE
K03688.01,FALSE_POSITIVE
K03689.01,CANDIDATE
K07800.01,FALSE_POSITIVE
K02028.03,CONFIRMED
K03762.01,CONFIRMED
K03763.01,FALSE_POSITIVE
K03765.01,FALSE_POSITIVE
K03766.01,FALSE_POSITIVE
K03841.01,FALSE_POSITIVE
K07811.01,FALSE_POSITIVE
K03842.01,FALSE_POSITIVE
K03843.01,FALSE_POSITIVE
K03844.01,FALSE_POSITIVE
K03845.01,FALSE_POSITIVE
K02055.04,CANDIDATE
K03925.01,CONFIRMED
K03925.02,CONFIRMED
K03925.03,CONFIRMED
K03926.01,FALSE_POSITIVE
K03927.01,FALSE_POSITIVE
K03690.01,FALSE_POSITIVE
K07795.01,CANDIDATE
K03691.01,FALSE_POSITIVE
K03691.02,FALSE_POSITIVE
K03692.01,FALSE_POSITIVE
K03693.01,FALSE_POSITIVE
K03694.01,FALSE_POSITIVE
K03767.01,CANDIDATE
K07801.01,FALSE_POSITIVE
K03768.01,FALSE_POSITIVE
K03769.01,FALSE_POSITIVE
K03770.01,CANDIDATE
K03771.01,FALSE_POSITIVE
K03772.01,FALSE_POSITIVE
K03846.01,FALSE_POSITIVE
K03847.01,FALSE_POSITIVE
K03848.01,CONFIRMED
K03849.01,FALSE_POSITIVE
K03850.01,FALSE_POSITIVE
K03851.01,FALSE_POSITIVE
K03917.01,FALSE_POSITIVE
K03918.01,FALSE_POSITIVE
K03919.01,FALSE_POSITIVE
K03920.01,FALSE_POSITIVE
K03921.01,FALSE_POSITIVE
K01972.02,CONFIRMED
K03695.01,FALSE_POSITIVE
K03696.01,FALSE_POSITIVE
K03697.01,FALSE_POSITIVE
K03698.01,FALSE_POSITIVE
K02029.03,CONFIRMED
K03773.01,FALSE_POSITIVE
K07802.01,FALSE_POSITIVE
K03775.01,FALSE_POSITIVE
K03776.01,FALSE_POSITIVE
K03777.01,CANDIDATE
K03852.01,FALSE_POSITIVE
K03853.01,FALSE_POSITIVE
K07784.01,FALSE_POSITIVE
K03854.01,FALSE_POSITIVE
K03855.01,FALSE_POSITIVE
K02059.02,CANDIDATE
K03856.01,FALSE_POSITIVE
K03922.01,FALSE_POSITIVE
K03923.01,FALSE_POSITIVE
K00435.04,CONFIRMED
K02094.02,CONFIRMED
K03924.01,FALSE_POSITIVE
K03699.01,FALSE_POSITIVE
K03700.01,FALSE_POSITIVE
K03701.01,FALSE_POSITIVE
K03702.01,FALSE_POSITIVE
K03703.01,FALSE_POSITIVE
K03704.01,FALSE_POSITIVE
K03778.01,FALSE_POSITIVE
K03779.01,FALSE_POSITIVE
K07803.01,FALSE_POSITIVE
K03780.01,FALSE_POSITIVE
K03782.01,FALSE_POSITIVE
K03783.01,FALSE_POSITIVE
K03857.01,FALSE_POSITIVE
K03858.01,FALSE_POSITIVE
K03859.01,FALSE_POSITIVE
K03860.01,FALSE_POSITIVE
K03861.01,FALSE_POSITIVE
K03862.01,FALSE_POSITIVE
K03928.01,CONFIRMED
K03929.01,FALSE_POSITIVE
K07790.01,FALSE_POSITIVE
K03930.01,FALSE_POSITIVE
K03931.01,FALSE_POSITIVE
K02098.02,CONFIRMED
K01986.02,CONFIRMED
K03705.01,FALSE_POSITIVE
K07796.01,CANDIDATE
K03706.01,FALSE_POSITIVE
K03707.01,FALSE_POSITIVE
K03708.01,FALSE_POSITIVE
K03784.01,FALSE_POSITIVE
K02029.04,CANDIDATE
K07804.01,FALSE_POSITIVE
K03785.01,FALSE_POSITIVE
K03786.01,FALSE_POSITIVE
K03787.01,CANDIDATE
K03862.02,FALSE_POSITIVE
K03863.01,FALSE_POSITIVE
K07785.01,CANDIDATE
K03864.01,CONFIRMED
K02061.02,CONFIRMED
K03864.02,CANDIDATE
K01905.03,CONFIRMED
K03630.01,FALSE_POSITIVE
K03631.01,FALSE_POSITIVE
K03632.01,FALSE_POSITIVE
K03633.01,FALSE_POSITIVE
K03634.01,FALSE_POSITIVE
K03709.01,FALSE_POSITIVE
K03710.01,FALSE_POSITIVE
K07797.01,FALSE_POSITIVE
K03711.01,FALSE_POSITIVE
K03712.01,FALSE_POSITIVE
K03713.01,FALSE_POSITIVE
K03714.01,FALSE_POSITIVE
K03788.01,FALSE_POSITIVE
K03789.01,FALSE_POSITIVE
K07805.01,FALSE_POSITIVE
K03790.01,FALSE_POSITIVE
K03791.01,CONFIRMED
K03792.01,FALSE_POSITIVE
K03793.01,FALSE_POSITIVE
K03865.01,FALSE_POSITIVE
K03866.01,FALSE_POSITIVE
K03867.01,CONFIRMED
K03868.01,FALSE_POSITIVE
K03869.01,FALSE_POSITIVE
K03635.01,FALSE_POSITIVE
K03636.01,FALSE_POSITIVE
K03637.01,FALSE_POSITIVE
K03638.01,FALSE_POSITIVE
K03639.01,FALSE_POSITIVE
K01915.02,CONFIRMED
K01992.02,CONFIRMED
K03715.01,FALSE_POSITIVE
K03716.01,FALSE_POSITIVE
K03717.01,FALSE_POSITIVE
K03718.01,FALSE_POSITIVE
K03719.01,FALSE_POSITIVE
K03794.01,CONFIRMED
K02034.02,CONFIRMED
K07806.01,FALSE_POSITIVE
K03795.01,FALSE_POSITIVE
K03796.01,FALSE_POSITIVE
K03797.01,FALSE_POSITIVE
K03870.01,FALSE_POSITIVE
K03871.01,FALSE_POSITIVE
K03872.01,FALSE_POSITIVE
K03873.01,FALSE_POSITIVE
K02076.02,CONFIRMED
K03640.01,FALSE_POSITIVE
K03641.01,FALSE_POSITIVE
K03641.02,FALSE_POSITIVE
K03642.01,FALSE_POSITIVE
K03643.01,FALSE_POSITIVE
K03644.01,FALSE_POSITIVE
K03644.02,FALSE_POSITIVE
K03720.01,FALSE_POSITIVE
K03721.01,FALSE_POSITIVE
K03722.01,CANDIDATE
K03723.01,FALSE_POSITIVE
K03724.01,FALSE_POSITIVE
K03798.01,FALSE_POSITIVE
K03799.01,FALSE_POSITIVE
K07807.01,FALSE_POSITIVE
K03800.01,FALSE_POSITIVE
K03801.01,CANDIDATE
K03802.01,FALSE_POSITIVE
K03874.01,FALSE_POSITIVE
K03875.01,FALSE_POSITIVE
K07786.01,FALSE_POSITIVE
K03876.01,CONFIRMED
K03877.01,FALSE_POSITIVE
K03878.01,CONFIRMED
K03645.01,FALSE_POSITIVE
K03646.01,FALSE_POSITIVE
K03647.01,FALSE_POSITIVE
K07791.01,CANDIDATE
K01922.03,CONFIRMED
K03648.01,FALSE_POSITIVE
K03649.01,FALSE_POSITIVE
K00416.03,CANDIDATE
K02004.02,CONFIRMED
K07798.01,CANDIDATE
K03725.01,FALSE_POSITIVE
K03726.01,FALSE_POSITIVE
K03727.01,FALSE_POSITIVE
K03803.01,FALSE_POSITIVE
K03804.01,FALSE_POSITIVE
K02039.02,CONFIRMED
K03805.01,FALSE_POSITIVE
K03806.01,FALSE_POSITIVE
K03879.01,FALSE_POSITIVE
K03880.01,CANDIDATE
K03881.01,FALSE_POSITIVE
K03882.01,FALSE_POSITIVE
K03883.01,FALSE_POSITIVE
K03650.01,FALSE_POSITIVE
K03651.01,FALSE_POSITIVE
K03652.01,FALSE_POSITIVE
K03653.01,FALSE_POSITIVE
K03654.01,FALSE_POSITIVE
K03655.01,FALSE_POSITIVE
K03728.01,CONFIRMED
K03729.01,FALSE_POSITIVE
K03729.02,FALSE_POSITIVE
K03730.01,FALSE_POSITIVE
K03731.01,FALSE_POSITIVE
K07799.01,FALSE_POSITIVE
K03732.01,FALSE_POSITIVE
K03807.01,FALSE_POSITIVE
K03808.01,FALSE_POSITIVE
K03809.01,FALSE_POSITIVE
K03810.01,CANDIDATE
K03811.01,CANDIDATE
K02078.02,CONFIRMED
K03884.01,FALSE_POSITIVE
K03885.01,FALSE_POSITIVE
K03886.01,FALSE_POSITIVE
K07787.01,FALSE_POSITIVE
K03887.01,FALSE_POSITIVE
K03656.01,FALSE_POSITIVE
K03657.01,FALSE_POSITIVE
K01932.02,CONFIRMED
K03658.01,FALSE_POSITIVE
K03659.01,FALSE_POSITIVE
K03660.01,FALSE_POSITIVE
K03733.01,FALSE_POSITIVE
K02004.03,CANDIDATE
K03734.01,FALSE_POSITIVE
K03735.01,FALSE_POSITIVE
K03736.01,FALSE_POSITIVE
K03737.01,FALSE_POSITIVE
K03812.01,FALSE_POSITIVE
K03813.01,FALSE_POSITIVE
K03814.01,FALSE_POSITIVE
K02048.02,FALSE_POSITIVE
K03815.01,CANDIDATE
K03888.01,FALSE_POSITIVE
K03889.01,FALSE_POSITIVE
K03890.01,FALSE_POSITIVE
K03891.01,CANDIDATE
K03892.01,CONFIRMED
K03661.01,FALSE_POSITIVE
K03662.01,FALSE_POSITIVE
K03663.01,CONFIRMED
K03664.01,FALSE_POSITIVE
K03665.01,FALSE_POSITIVE
K03666.01,FALSE_POSITIVE
K03738.01,FALSE_POSITIVE
K03739.01,FALSE_POSITIVE
K03740.01,FALSE_POSITIVE
K03741.01,FALSE_POSITIVE
K03741.02,CANDIDATE
K03742.01,FALSE_POSITIVE
K01776.01,FALSE_POSITIVE
K01792.01,CONFIRMED
K02027.01,FALSE_POSITIVE
K07848.01,FALSE_POSITIVE
K01859.01,FALSE_POSITIVE
K01953.01,FALSE_POSITIVE
K02088.01,FALSE_POSITIVE
K02089.01,FALSE_POSITIVE
K02112.01,FALSE_POSITIVE
K02118.01,FALSE_POSITIVE
K02127.01,FALSE_POSITIVE
K01312.02,FALSE_POSITIVE
K01408.02,FALSE_POSITIVE
K03964.01,FALSE_POSITIVE
K03965.01,FALSE_POSITIVE
K03966.01,CONFIRMED
K03967.01,FALSE_POSITIVE
K03967.02,FALSE_POSITIVE
K03968.01,FALSE_POSITIVE
K01666.01,CANDIDATE
K01667.01,FALSE_POSITIVE
K01668.01,FALSE_POSITIVE
K01670.01,CANDIDATE
K01671.01,CONFIRMED
K01782.01,FALSE_POSITIVE
K01821.01,CONFIRMED
K01844.01,FALSE_POSITIVE
K07849.01,CANDIDATE
K01993.01,FALSE_POSITIVE
K01865.01,FALSE_POSITIVE
K02320.01,FALSE_POSITIVE
K02322.01,FALSE_POSITIVE
K02326.01,FALSE_POSITIVE
K02330.01,FALSE_POSITIVE
K02334.01,FALSE_POSITIVE
K02349.01,FALSE_POSITIVE
K02359.01,FALSE_POSITIVE
K02158.02,CANDIDATE
K03969.01,FALSE_POSITIVE
K03970.01,FALSE_POSITIVE
K03971.01,FALSE_POSITIVE
K03972.01,FALSE_POSITIVE
K01673.01,FALSE_POSITIVE
K01674.01,FALSE_POSITIVE
K01676.01,FALSE_POSITIVE
K01678.01,FALSE_POSITIVE
K07837.01,FALSE_POSITIVE
K01679.01,FALSE_POSITIVE
K01785.01,FALSE_POSITIVE
K01954.01,FALSE_POSITIVE
K01742.01,FALSE_POSITIVE
K01806.01,FALSE_POSITIVE
K07850.01,CANDIDATE
K01745.01,CANDIDATE
K01795.01,FALSE_POSITIVE
K02362.01,FALSE_POSITIVE
K02391.01,FALSE_POSITIVE
K02394.01,FALSE_POSITIVE
K02396.01,FALSE_POSITIVE
K02446.01,FALSE_POSITIVE
K00439.02,FALSE_POSITIVE
K02480.01,CANDIDATE
K03973.01,FALSE_POSITIVE
K03974.01,FALSE_POSITIVE
K03975.01,CONFIRMED
K03976.01,FALSE_POSITIVE
K03977.01,FALSE_POSITIVE
K01682.01,FALSE_POSITIVE
K01689.01,FALSE_POSITIVE
K01690.01,FALSE_POSITIVE
K07838.01,FALSE_POSITIVE
K01691.01,FALSE_POSITIVE
K01694.01,FALSE_POSITIVE
K01846.01,CONFIRMED
K01966.01,FALSE_POSITIVE
K01796.01,FALSE_POSITIVE
K07851.01,FALSE_POSITIVE
K01957.01,CANDIDATE
K01827.01,FALSE_POSITIVE
K01823.01,FALSE_POSITIVE
K02500.01,FALSE_POSITIVE
K02502.01,FALSE_POSITIVE
K02515.01,FALSE_POSITIVE
K02568.01,FALSE_POSITIVE
K02570.01,FALSE_POSITIVE
K02575.01,FALSE_POSITIVE
K02584.01,FALSE_POSITIVE
K03978.01,FALSE_POSITIVE
K02162.02,CONFIRMED
K03979.01,FALSE_POSITIVE
K03980.01,FALSE_POSITIVE
K03981.01,FALSE_POSITIVE
K01695.01,CONFIRMED
K01696.01,FALSE_POSITIVE
K07839.01,FALSE_POSITIVE
K01697.01,FALSE_POSITIVE
K01698.01,FALSE_POSITIVE
K01699.01,FALSE_POSITIVE
K01981.01,CONFIRMED
K01926.01,FALSE_POSITIVE
K01896.01,FALSE_POSITIVE
K07852.01,FALSE_POSITIVE
K01763.01,FALSE_POSITIVE
K01807.01,FALSE_POSITIVE
K01999.01,FALSE_POSITIVE
K02653.01,FALSE_POSITIVE
K02661.01,FALSE_POSITIVE
K07817.01,FALSE_POSITIVE
K02663.01,CONFIRMED
K02728.01,CONFIRMED
K02742.01,CONFIRMED
K03982.01,FALSE_POSITIVE
K03983.01,FALSE_POSITIVE
K07829.01,FALSE_POSITIVE
K03984.01,CONFIRMED
K03985.01,FALSE_POSITIVE
K03986.01,FALSE_POSITIVE
K03987.01,FALSE_POSITIVE
K01703.01,FALSE_POSITIVE
K07840.01,FALSE_POSITIVE
K01709.01,FALSE_POSITIVE
K01712.01,FALSE_POSITIVE
K01714.01,FALSE_POSITIVE
K01719.01,FALSE_POSITIVE
K01963.01,CANDIDATE
K07853.01,FALSE_POSITIVE
K01887.01,FALSE_POSITIVE
K01804.01,CONFIRMED
K01774.01,FALSE_POSITIVE
K02015.01,FALSE_POSITIVE
K01771.01,FALSE_POSITIVE
K07818.01,CANDIDATE
K02793.01,CONFIRMED
K02796.01,CANDIDATE
K02806.01,CONFIRMED
K02814.01,FALSE_POSITIVE
K02818.01,FALSE_POSITIVE
K02843.01,FALSE_POSITIVE
K03988.01,FALSE_POSITIVE
K02163.02,CONFIRMED
K03989.01,FALSE_POSITIVE
K03990.01,FALSE_POSITIVE
K03991.01,CANDIDATE
K07841.01,FALSE_POSITIVE
K01635.01,FALSE_POSITIVE
K01636.01,FALSE_POSITIVE
K01638.01,FALSE_POSITIVE
K01639.01,FALSE_POSITIVE
K01640.01,FALSE_POSITIVE
K01642.01,FALSE_POSITIVE
K01947.01,CANDIDATE
K01983.01,FALSE_POSITIVE
K02041.01,FALSE_POSITIVE
K02139.01,FALSE_POSITIVE
K02141.01,CANDIDATE
K07819.01,FALSE_POSITIVE
K02591.01,FALSE_POSITIVE
K02599.01,FALSE_POSITIVE
K02612.01,CONFIRMED
K02614.01,CONFIRMED
K02630.01,FALSE_POSITIVE
K07830.01,FALSE_POSITIVE
K03992.01,FALSE_POSITIVE
K03993.01,FALSE_POSITIVE
K03994.01,FALSE_POSITIVE
K03995.01,FALSE_POSITIVE
K03996.01,FALSE_POSITIVE
K01645.01,FALSE_POSITIVE
K01652.01,FALSE_POSITIVE
K01653.01,FALSE_POSITIVE
K01735.01,FALSE_POSITIVE
K01729.01,FALSE_POSITIVE
K01730.01,FALSE_POSITIVE
K02142.01,FALSE_POSITIVE
K02157.01,FALSE_POSITIVE
K02161.01,FALSE_POSITIVE
K02165.01,FALSE_POSITIVE
K02170.01,FALSE_POSITIVE
K02176.01,FALSE_POSITIVE
K07821.01,FALSE_POSITIVE
K02772.01,FALSE_POSITIVE
K02782.01,FALSE_POSITIVE
K02783.01,FALSE_POSITIVE
K02784.01,FALSE_POSITIVE
K02788.01,FALSE_POSITIVE
K03997.01,FALSE_POSITIVE
K03998.01,FALSE_POSITIVE
K02167.03,CONFIRMED
K03999.01,FALSE_POSITIVE
K04000.01,FALSE_POSITIVE
K07842.01,CANDIDATE
K01734.01,FALSE_POSITIVE
K01987.01,FALSE_POSITIVE
K01949.01,FALSE_POSITIVE
K01759.01,FALSE_POSITIVE
K01994.01,FALSE_POSITIVE
K07812.01,FALSE_POSITIVE
K02178.01,FALSE_POSITIVE
K02184.01,FALSE_POSITIVE
K02187.01,FALSE_POSITIVE
K02188.01,FALSE_POSITIVE
K02190.01,FALSE_POSITIVE
K07822.01,FALSE_POSITIVE
K02847.01,FALSE_POSITIVE
K02858.01,FALSE_POSITIVE
K02860.01,CONFIRMED
K02874.01,CANDIDATE
K02875.01,FALSE_POSITIVE
K02879.01,CANDIDATE
K07831.01,FALSE_POSITIVE
K04001.01,FALSE_POSITIVE
K04002.01,CONFIRMED
K04003.01,FALSE_POSITIVE
K04004.01,CONFIRMED
K04005.01,CONFIRMED
K07843.01,CANDIDATE
K01772.01,CANDIDATE
K01766.01,FALSE_POSITIVE
K01903.01,FALSE_POSITIVE
K01912.01,FALSE_POSITIVE
K01811.01,FALSE_POSITIVE
K01791.01,FALSE_POSITIVE
K02192.01,FALSE_POSITIVE
K02196.01,FALSE_POSITIVE
K02197.01,FALSE_POSITIVE
K02198.01,CONFIRMED
K02199.01,CONFIRMED
K03932.01,FALSE_POSITIVE
K03933.01,CONFIRMED
K03934.01,FALSE_POSITIVE
K03935.01,CONFIRMED
K03936.01,CANDIDATE
K07832.01,CANDIDATE
K04006.01,FALSE_POSITIVE
K04007.01,CANDIDATE
K04008.01,FALSE_POSITIVE
K02172.02,CONFIRMED
K04009.01,CONFIRMED
K07844.01,FALSE_POSITIVE
K01768.01,FALSE_POSITIVE
K01757.01,FALSE_POSITIVE
K01775.01,FALSE_POSITIVE
K01936.01,FALSE_POSITIVE
K01777.01,FALSE_POSITIVE
K02203.01,FALSE_POSITIVE
K02207.01,FALSE_POSITIVE
K02211.01,FALSE_POSITIVE
K02050.01,FALSE_POSITIVE
K02231.01,FALSE_POSITIVE
K07823.01,FALSE_POSITIVE
K03936.02,CONFIRMED
K03937.01,FALSE_POSITIVE
K03938.01,FALSE_POSITIVE
K03939.01,FALSE_POSITIVE
K03940.01,FALSE_POSITIVE
K07833.01,CANDIDATE
K04010.01,FALSE_POSITIVE
K04011.01,FALSE_POSITIVE
K04012.01,FALSE_POSITIVE
K04013.01,FALSE_POSITIVE
K04014.01,CONFIRMED
K07845.01,FALSE_POSITIVE
K01755.01,FALSE_POSITIVE
K01991.01,FALSE_POSITIVE
K01836.01,FALSE_POSITIVE
K01778.01,FALSE_POSITIVE
K01780.01,FALSE_POSITIVE
K07813.01,FALSE_POSITIVE
K02234.01,FALSE_POSITIVE
K02235.01,FALSE_POSITIVE
K02239.01,FALSE_POSITIVE
K02240.01,FALSE_POSITIVE
K02244.01,FALSE_POSITIVE
K07824.01,FALSE_POSITIVE
K02135.02,CANDIDATE
K03941.01,FALSE_POSITIVE
K03942.01,FALSE_POSITIVE
K03943.01,CONFIRMED
K03944.01,FALSE_POSITIVE
K07834.01,CANDIDATE
K04015.01,CONFIRMED
K04016.01,CONFIRMED
K04017.01,FALSE_POSITIVE
K04018.01,FALSE_POSITIVE
K00266.01,CONFIRMED
K00065.01,FALSE_POSITIVE
K00383.01,FALSE_POSITIVE
K00860.01,FALSE_POSITIVE
K01789.01,FALSE_POSITIVE
K01956.01,FALSE_POSITIVE
K01834.01,FALSE_POSITIVE
K01995.01,FALSE_POSITIVE
K01855.01,FALSE_POSITIVE
K07814.01,FALSE_POSITIVE
K02249.01,FALSE_POSITIVE
K02251.01,FALSE_POSITIVE
K02254.01,FALSE_POSITIVE
K02258.01,FALSE_POSITIVE
K02054.01,FALSE_POSITIVE
K03945.01,FALSE_POSITIVE
K03946.01,CONFIRMED
K03947.01,FALSE_POSITIVE
K03947.02,FALSE_POSITIVE
K03948.01,FALSE_POSITIVE
K03949.01,FALSE_POSITIVE
K00562.01,FALSE_POSITIVE
K00364.01,CANDIDATE
K00879.01,FALSE_POSITIVE
K00885.01,FALSE_POSITIVE
K00589.01,FALSE_POSITIVE
K00594.01,FALSE_POSITIVE
K00962.01,FALSE_POSITIVE
K00973.01,FALSE_POSITIVE
K01026.01,FALSE_POSITIVE
K01027.01,FALSE_POSITIVE
K01131.01,FALSE_POSITIVE
K01137.01,FALSE_POSITIVE
K01411.01,CANDIDATE
K01744.01,FALSE_POSITIVE
K01740.01,FALSE_POSITIVE
K01918.01,FALSE_POSITIVE
K01748.01,FALSE_POSITIVE
K01943.01,CONFIRMED
K07815.01,FALSE_POSITIVE
K02262.01,FALSE_POSITIVE
K02267.01,FALSE_POSITIVE
K02268.01,FALSE_POSITIVE
K02270.01,FALSE_POSITIVE
K02275.01,FALSE_POSITIVE
K07825.01,FALSE_POSITIVE
K02135.03,CONFIRMED
K03950.01,FALSE_POSITIVE
K03951.01,FALSE_POSITIVE
K03952.01,FALSE_POSITIVE
K03953.01,FALSE_POSITIVE
K07835.01,CANDIDATE
K01351.01,FALSE_POSITIVE
K01195.01,FALSE_POSITIVE
K01483.01,FALSE_POSITIVE
K00111.04,FALSE_POSITIVE
K01611.01,FALSE_POSITIVE
K01624.01,FALSE_POSITIVE
K07846.01,CANDIDATE
K01817.01,FALSE_POSITIVE
K01869.01,FALSE_POSITIVE
K01951.01,CONFIRMED
K02030.01,FALSE_POSITIVE
K01752.01,FALSE_POSITIVE
K07816.01,FALSE_POSITIVE
K02277.01,FALSE_POSITIVE
K02284.01,FALSE_POSITIVE
K02292.01,FALSE_POSITIVE
K02301.01,FALSE_POSITIVE
K02061.01,CONFIRMED
K07826.01,FALSE_POSITIVE
K03954.01,FALSE_POSITIVE
K03955.01,FALSE_POSITIVE
K03956.01,FALSE_POSITIVE
K03957.01,FALSE_POSITIVE
K03958.01,FALSE_POSITIVE
K07836.01,FALSE_POSITIVE
K01625.01,FALSE_POSITIVE
K01617.01,FALSE_POSITIVE
K01620.01,FALSE_POSITIVE
K01631.01,CANDIDATE
K01634.01,FALSE_POSITIVE
K01614.01,FALSE_POSITIVE
K07847.01,CANDIDATE
K01919.01,FALSE_POSITIVE
K01743.01,FALSE_POSITIVE
K01741.01,FALSE_POSITIVE
K01767.01,FALSE_POSITIVE
K01769.01,FALSE_POSITIVE
K02065.01,CONFIRMED
K02068.01,CANDIDATE
K02070.01,FALSE_POSITIVE
K02077.01,FALSE_POSITIVE
